commits,corrective_hits_ratio,core_corrective_hits_ratio,conditional_corrective,refactor_hits_ratio,core_refactor_hits_ratio,conditional_refactor,adaptive_hits_ratio,core_adaptive_hits_ratio,conditional_adaptive
472146,0.4599001156421954,0.4342110279447459,0.9131217349312963,0.2258771651141808,0.08025695441664231,0.7626210645765709,0.4202323010255302,0.4613848258801303,0.6705670649694043
