commits,proper_commits,proper_ratio,repos,authors,proper_message_avg,proper_subject_avg,proper_compress_avg
50333789,47280757,0.94,22820,737939,137.87007240468202,49.33530016134368,3.061786567921476
